p_id,family,smirks,error_type,error_message
EVODEX.2-P1506,Bm,>>,malformed_operator,Empty or one-sided operator
EVODEX.2-P1506,Cm,>>,malformed_operator,Empty or one-sided operator
EVODEX.2-P1506,Dm,>>,malformed_operator,Empty or one-sided operator
EVODEX.2-P1506,Em,>>,malformed_operator,Empty or one-sided operator
EVODEX.2-P3180,Bm,>>,malformed_operator,Empty or one-sided operator
EVODEX.2-P3180,Cm,>>,malformed_operator,Empty or one-sided operator
EVODEX.2-P3180,Dm,>>,malformed_operator,Empty or one-sided operator
EVODEX.2-P3180,Em,>>,malformed_operator,Empty or one-sided operator
EVODEX.2-P3181,Bm,>>,malformed_operator,Empty or one-sided operator
EVODEX.2-P3181,Cm,>>,malformed_operator,Empty or one-sided operator
EVODEX.2-P3181,Dm,>>,malformed_operator,Empty or one-sided operator
EVODEX.2-P3181,Em,>>,malformed_operator,Empty or one-sided operator
EVODEX.2-P3216,Bm,>>,malformed_operator,Empty or one-sided operator
EVODEX.2-P3216,Cm,>>,malformed_operator,Empty or one-sided operator
EVODEX.2-P3216,Dm,>>,malformed_operator,Empty or one-sided operator
EVODEX.2-P3216,Em,>>,malformed_operator,Empty or one-sided operator
EVODEX.2-P3218,Bm,>>,malformed_operator,Empty or one-sided operator
EVODEX.2-P3218,Cm,>>,malformed_operator,Empty or one-sided operator
EVODEX.2-P3218,Dm,>>,malformed_operator,Empty or one-sided operator
EVODEX.2-P3218,Em,>>,malformed_operator,Empty or one-sided operator
EVODEX.2-P3220,Bm,>>,malformed_operator,Empty or one-sided operator
EVODEX.2-P3220,Cm,>>,malformed_operator,Empty or one-sided operator
EVODEX.2-P3220,Dm,>>,malformed_operator,Empty or one-sided operator
EVODEX.2-P3220,Em,>>,malformed_operator,Empty or one-sided operator
EVODEX.2-P3314,Bm,>>,malformed_operator,Empty or one-sided operator
EVODEX.2-P3314,Cm,>>,malformed_operator,Empty or one-sided operator
EVODEX.2-P3314,Dm,>>,malformed_operator,Empty or one-sided operator
EVODEX.2-P3314,Em,>>,malformed_operator,Empty or one-sided operator
EVODEX.2-P3350,Bm,>>,malformed_operator,Empty or one-sided operator
EVODEX.2-P3350,Cm,>>,malformed_operator,Empty or one-sided operator
EVODEX.2-P3350,Dm,>>,malformed_operator,Empty or one-sided operator
EVODEX.2-P3350,Em,>>,malformed_operator,Empty or one-sided operator
EVODEX.2-P3376,Bm,>>,malformed_operator,Empty or one-sided operator
EVODEX.2-P3376,Cm,>>,malformed_operator,Empty or one-sided operator
EVODEX.2-P3376,Dm,>>,malformed_operator,Empty or one-sided operator
EVODEX.2-P3376,Em,>>,malformed_operator,Empty or one-sided operator
EVODEX.2-P3378,Bm,>>,malformed_operator,Empty or one-sided operator
EVODEX.2-P3378,Cm,>>,malformed_operator,Empty or one-sided operator
EVODEX.2-P3378,Dm,>>,malformed_operator,Empty or one-sided operator
EVODEX.2-P3378,Em,>>,malformed_operator,Empty or one-sided operator
EVODEX.2-P3439,Bm,>>,malformed_operator,Empty or one-sided operator
EVODEX.2-P3439,Cm,>>,malformed_operator,Empty or one-sided operator
EVODEX.2-P3439,Dm,>>,malformed_operator,Empty or one-sided operator
EVODEX.2-P3439,Em,>>,malformed_operator,Empty or one-sided operator
EVODEX.2-P3470,Bm,>>,malformed_operator,Empty or one-sided operator
EVODEX.2-P3470,Cm,>>,malformed_operator,Empty or one-sided operator
EVODEX.2-P3470,Dm,>>,malformed_operator,Empty or one-sided operator
EVODEX.2-P3470,Em,>>,malformed_operator,Empty or one-sided operator
EVODEX.2-P3471,Bm,>>,malformed_operator,Empty or one-sided operator
EVODEX.2-P3471,Cm,>>,malformed_operator,Empty or one-sided operator
EVODEX.2-P3471,Dm,>>,malformed_operator,Empty or one-sided operator
EVODEX.2-P3471,Em,>>,malformed_operator,Empty or one-sided operator
EVODEX.2-P3472,Bm,>>,malformed_operator,Empty or one-sided operator
EVODEX.2-P3472,Cm,>>,malformed_operator,Empty or one-sided operator
EVODEX.2-P3472,Dm,>>,malformed_operator,Empty or one-sided operator
EVODEX.2-P3472,Em,>>,malformed_operator,Empty or one-sided operator
EVODEX.2-P3475,Bm,>>,malformed_operator,Empty or one-sided operator
EVODEX.2-P3475,Cm,>>,malformed_operator,Empty or one-sided operator
EVODEX.2-P3475,Dm,>>,malformed_operator,Empty or one-sided operator
EVODEX.2-P3475,Em,>>,malformed_operator,Empty or one-sided operator
EVODEX.2-P3476,Bm,>>,malformed_operator,Empty or one-sided operator
EVODEX.2-P3476,Cm,>>,malformed_operator,Empty or one-sided operator
EVODEX.2-P3476,Dm,>>,malformed_operator,Empty or one-sided operator
EVODEX.2-P3476,Em,>>,malformed_operator,Empty or one-sided operator
EVODEX.2-P3481,Bm,>>,malformed_operator,Empty or one-sided operator
EVODEX.2-P3481,Cm,>>,malformed_operator,Empty or one-sided operator
EVODEX.2-P3481,Dm,>>,malformed_operator,Empty or one-sided operator
EVODEX.2-P3481,Em,>>,malformed_operator,Empty or one-sided operator
EVODEX.2-P3530,Bm,>>,malformed_operator,Empty or one-sided operator
EVODEX.2-P3530,Cm,>>,malformed_operator,Empty or one-sided operator
EVODEX.2-P3530,Dm,>>,malformed_operator,Empty or one-sided operator
EVODEX.2-P3530,Em,>>,malformed_operator,Empty or one-sided operator
EVODEX.2-P3542,Bm,>>,malformed_operator,Empty or one-sided operator
EVODEX.2-P3542,Cm,>>,malformed_operator,Empty or one-sided operator
EVODEX.2-P3542,Dm,>>,malformed_operator,Empty or one-sided operator
EVODEX.2-P3542,Em,>>,malformed_operator,Empty or one-sided operator
EVODEX.2-P3849,Bm,>>,malformed_operator,Empty or one-sided operator
EVODEX.2-P3849,Cm,>>,malformed_operator,Empty or one-sided operator
EVODEX.2-P3849,Dm,>>,malformed_operator,Empty or one-sided operator
EVODEX.2-P3849,Em,>>,malformed_operator,Empty or one-sided operator
EVODEX.2-P3851,Bm,>>,malformed_operator,Empty or one-sided operator
EVODEX.2-P3851,Cm,>>,malformed_operator,Empty or one-sided operator
EVODEX.2-P3851,Dm,>>,malformed_operator,Empty or one-sided operator
EVODEX.2-P3851,Em,>>,malformed_operator,Empty or one-sided operator
EVODEX.2-P4680,Bm,>>,malformed_operator,Empty or one-sided operator
EVODEX.2-P4680,Cm,>>,malformed_operator,Empty or one-sided operator
EVODEX.2-P4680,Dm,>>,malformed_operator,Empty or one-sided operator
EVODEX.2-P4680,Em,>>,malformed_operator,Empty or one-sided operator
EVODEX.2-P4958,Bm,>>,malformed_operator,Empty or one-sided operator
EVODEX.2-P4958,Cm,>>,malformed_operator,Empty or one-sided operator
EVODEX.2-P4958,Dm,>>,malformed_operator,Empty or one-sided operator
EVODEX.2-P4958,Em,>>,malformed_operator,Empty or one-sided operator
